DROP DATABASE IF EXISTS bookshop;

CREATE DATABASE bookshop;
USE bookshop;

CREATE TABLE `authors` (
  `author_id` int(10) unsigned NOT NULL AUTO_INCREMENT,
  `name` varchar(100) NOT NULL,
  `nationality` varchar(100) DEFAULT NULL,
  PRIMARY KEY (`author_id`),
  UNIQUE KEY `uniq_author` (`name`)
) ENGINE=InnoDB AUTO_INCREMENT=193 DEFAULT CHARSET=utf8;

INSERT INTO `authors` VALUES (1,'Sam Altman','USA'),
(2,'Freddy Vega','COL'),
(3,'Arthur Conan Doyle','GBR'),
(4,'Chuck Palahniuk','USA'),
(5,'Juan Rulfo','MEX'),
(6,'Henning Mankel','SWE'),
(7,'Jaideva Goswami','USA'),
(8,'John Foreman','USA'),
(9,'Stephen Hawking','USA'),
(10,'Stephen Dubner','USA'),
(11,'Edward Said','USA'),
(12,'Vladimir Vapnik','RUS'),
(13,'V P Menon','IND'),
(14,'Leonard Mlodinow','USA'),
(15,'Frank Shih','JAP'),
(16,'Maria Konnikova','RUS'),
(17,'Sebastian Gutierrez','ESP'),
(18,'Kurt Vonnegut','USA'),
(19,'Cedric Villani','FRA'),
(20,'Gerald Sussman','USA'),
(21,'Abraham Eraly','IND'),
(22,'Frank Kafka','AUT'),
(23,'John Pratt','USA'),
(24,'Robert Nisbet','USA'),
(25,'H. G. Wells',"ENG"),
(26,'Werner Heisenberg','DEU'),
(27,'Andy Oram',NULL),
(28,'Terence Tao',"AUS"),
(29,'Drew Conway',"USA"),
(30,'Nate Silver',"USA"),
(31,'Wes McKinney',"USA"),
(32,'Thomas Cormen', "USA"),
(33,'Siddhartha Deb',"IND"),
(34,'Albert Camus',"FRA"),
(37,'Adam Smith',"ENG"),
(38,'Ken Follett',"ENG"),
(39,'Fritjof Capra',"AUT"),
(40,'Richard Feynman',"USA"),
(41,'Ernest Hemingway',"USA"),
(42,'Frederick Forsyth',"ENG"),
(43,'Jeffery Archer',"ENG"),
(44,'Randy Pausch',"USA"),
(45,'Ayn Rand',"RUS"),
(46,'Michael Crichton',"USA"),
(47,'John Steinbeck',"USA"),
(48,'Edgar Allen Poe',"USA"),
(51,'Will Durant',NULL),
(52,'P L Deshpande',NULL),
(56,'John Grisham',"USA"),
(57,'V. S. Naipaul',NULL),
(58,'Joseph Heller',NULL),
(59,'BBC',NULL),
(60,'Bob Dylan',"USA"),
(61,'Madan Gupta',"IND"),
(62,'Alfred Stonier',NULL),
(63,'W. H. Greene',NULL),
(64,'Gary Bradsky',NULL),
(65,'Andrew Tanenbaum',NULL),
(66,'David Forsyth',NULL),
(67,'Schilling Taub',NULL),
(68,'Yashwant Kanetkar',NULL),
(69,'Jonathan Stroud',NULL),
(70,'Fyodor Dostoevsky',"RUS"),
(71,'Dan Brown',"USA"),
(72,'Amartya Sen',NULL),
(73,'Amitav Ghosh',NULL),
(75,'Lorraine Hansberry',NULL),
(76,'Bob Woodward',NULL),
(78,'Kuldip Nayar',NULL),
(79,'Sunita Deshpande',NULL),
(80,'William Dalrymple',NULL),
(81,'Various',NULL),
(85,'Sanjay Garg',NULL),
(86,'V P Kale',NULL),
(87,'Shashi Tharoor',"IND"),
(89,'Dominique Lapierre',NULL),
(93,'Bertrand Russell',"ENG"),
(94,'Sam Harris',NULL),
(96,'Earle Stanley Gardner',NULL),
(98,'Peter Drucker',NULL),
(99,'David Bodanis',NULL),
(100,'Victor Hugo',"FRA"),
(103,'Richard Gordon',NULL),
(104,'George Orwell',NULL),
(107,'Lee Iacoca',"USA"),
(108,'William S Maugham',NULL),
(111,'Robert Pirsig',NULL),
(112,'Robert Fisk',NULL),
(114,'Amir Aczel',NULL),
(117,'Samuel Huntington',NULL),
(119,'Richard Bach',NULL),
(120,'Braithwaite',NULL),
(121,'V S Naipaul',NULL),
(122,'Jawaharlal Nehru',NULL),
(128,'Gerald Durrell',NULL),
(133,'Simon Singh',"ENG"),
(134,'Hart Duda',NULL),
(135,'Thomas Friedman',NULL),
(138,'Keith Devlin',NULL),
(140,'James Gleick',NULL),
(141,'Joy Thomas',NULL),
(142,'Muhammad Rashid',NULL),
(143,'Ned Mohan',NULL),
(144,'Simon Haykin',NULL),
(148,'Alex Rutherford',NULL),
(153,'Michael Baz-Zohar',NULL),
(154,'Jim Corbett',NULL),
(155,'Jules Verne',NULL),
(156,'Deshpande P L',NULL),
(160,'Eric Raymond',NULL),
(161,'Sergio Franco',NULL),
(162,'Allen Downey',NULL),
(163,'Morris West',NULL),
(166,'Phillip Janert',NULL),
(167,'Carl Sagan',"USA"),
(168,'E T Bell',NULL),
(169,'Richard Dawkins',NULL),
(170,'Sudhanshu Ranjan',"IND"),
(171,'Kautiyla',NULL),
(172,'Palkhivala',NULL),
(174,'Sorabjee',NULL),
(175,'Hussain Zaidi',NULL),
(176,'Peter Ackroyd',NULL),
(178,'Nariman',NULL),
(179,'Jean Sassoon',NULL),
(180,'Peter Dickinson',NULL),
(182,'Machiavelli',NULL),
(183,'Aldous Huxley',"ENG"),
(184,'J K Rowling',"ENG"),
(185,'Steig Larsson',"SWE"),
(189,'Steve Eddins', NULL),
(192,'Charles Dickens',"ENG");


CREATE TABLE `books` (
  `book_id` int(10) unsigned NOT NULL AUTO_INCREMENT,
  `author_id` int(10) unsigned DEFAULT NULL,
  `title` varchar(100) NOT NULL,
  `year` int(11) NOT NULL DEFAULT '1900',
  `language` varchar(2) NOT NULL COMMENT 'ISO 639-1 Language code (2 chars)',
  `cover_url` varchar(500) DEFAULT NULL,
  `price` double(6,2) DEFAULT NULL,
  `sellable` tinyint(1) NOT NULL DEFAULT '0',
  `copies` int(11) NOT NULL DEFAULT '1',
  `description` text,
  PRIMARY KEY (`book_id`),
  UNIQUE KEY `book_language` (`title`,`language`)
) ENGINE=InnoDB AUTO_INCREMENT=199 DEFAULT CHARSET=utf8;

INSERT INTO `books` VALUES (1,1,'The Startup Playbook',2013,'en',NULL,10.00,1,5,'Advice from the experts'),
(2,1,'The Startup Playbook',2014,'es',NULL,10.00,1,5,'Consejo de los expertos, traducido por Platzi'),
(3,3,'Estudio en escarlata',1887,'es',NULL,5.00,1,10,'La primera novela de Sherlock Holmes'),
(4,6,'Wallander: Asesinos sin rostro',1991,'es',NULL,15.00,1,3,''),
(5,6,'Wallander: Los perros de Riga',1992,'es',NULL,15.00,1,3,''),
(6,6,'Wallander: La leona blanca',1993,'es',NULL,15.00,1,3,''),
(7,6,'Wallander: El hombre sonriente',1994,'es',NULL,15.00,1,3,''),
(8,6,'Wallander: La falsa pista',1995,'es',NULL,15.00,1,3,''),
(9,6,'Wallander: La quinta mujer',1996,'es',NULL,15.00,1,3,''),
(10,6,'Wallander: Pisando los talones',1997,'es',NULL,15.00,1,3,''),
(11,6,'Wallander: Cortafuegos',1998,'es',NULL,15.00,1,3,''),
(12,5,'El llano en llamas',1953,'es',NULL,10.00,0,1,'Cuentos mexicanos'),
(13,7,'Fundamentals of Wavelets',1900,'en',NULL,NULL,1,4,NULL),
(14,8,'Data Smart',1900,'en',NULL,NULL,1,4,NULL),
(15,9,'God Created the Integers',1900,'en',NULL,NULL,1,4,NULL),
(16,10,'Superfreakonomics',1900,'en',NULL,NULL,1,4,NULL),
(17,11,'Orientalism',1900,'en',NULL,NULL,1,4,NULL),
(18,12,'The Nature of Statistical Learning Theory',1900,'en',NULL,NULL,1,4,NULL),
(19,13,'Integration of the Indian States',1900,'en',NULL,NULL,1,4,NULL),
(20,14,'The Drunkard\'s Walk',1900,'en',NULL,NULL,1,4,NULL),
(21,15,'Image Processing & Mathematical Morphology',1900,'en',NULL,NULL,1,4,NULL),
(22,16,'How to Think Like Sherlock Holmes',1900,'en',NULL,NULL,1,4,NULL),
(23,17,'Data Scientists at Work',1900,'en',NULL,NULL,1,4,NULL),
(24,18,'Slaughterhouse Five',1900,'en',NULL,NULL,1,4,NULL),
(25,19,'Birth of a Theorem',1900,'en',NULL,NULL,1,4,NULL),
(26,20,'Structure & Interpretation of Computer Programs',1900,'en',NULL,NULL,1,4,NULL),
(27,21,'The Age of Wrath',1900,'en',NULL,NULL,1,4,NULL),
(28,22,'The Trial',1900,'en',NULL,NULL,1,4,NULL),
(29,23,'Statistical Decision Theory',1900,'en',NULL,NULL,1,4,NULL),
(30,24,'Data Mining Handbook',1900,'en',NULL,NULL,1,4,NULL),
(31,25,'The New Machiavelli',1900,'en',NULL,NULL,1,4,NULL),
(32,26,'Physics & Philosophy',1900,'en',NULL,NULL,1,4,NULL),
(33,27,'Making Software',1900,'en',NULL,NULL,1,4,NULL),
(34,28,'Vol I Analysis',1900,'en',NULL,NULL,1,4,NULL),
(35,29,'Machine Learning for Hackers',1900,'en',NULL,NULL,1,4,NULL),
(36,30,'The Signal and the Noise',1900,'en',NULL,NULL,1,4,NULL),
(37,31,'Python for Data Analysis',1900,'en',NULL,NULL,1,4,NULL),
(38,32,'Introduction to Algorithms',1900,'en',NULL,NULL,1,4,NULL),
(39,33,'The Beautiful and the Damned',1900,'en',NULL,NULL,1,4,NULL),
(40,34,'The Outsider',1900,'en',NULL,NULL,1,4,NULL),
(41,3,'The - Vol I Complete Sherlock Holmes',1900,'en',NULL,NULL,1,4,NULL),
(42,3,'The - Vol II Complete Sherlock Holmes',1900,'en',NULL,NULL,1,4,NULL),
(43,37,'The Wealth of Nations',1900,'en',NULL,NULL,1,4,NULL),
(44,38,'The Pillars of the Earth',1900,'en',NULL,NULL,1,4,NULL),
(45,39,'The Tao of Physics',1900,'en',NULL,NULL,1,4,NULL),
(46,40,'Surely You\'s re Joking Mr Feynman',1900,'en',NULL,NULL,1,4,NULL),
(47,41,'A Farewell to Arms',1900,'en',NULL,NULL,1,4,NULL),
(48,42,'The Veteran',1900,'en',NULL,NULL,1,4,NULL),
(49,43,'False Impressions',1900,'en',NULL,NULL,1,4,NULL),
(50,44,'The Last Lecture',1900,'en',NULL,NULL,1,4,NULL),
(51,45,'Return of the Primitive',1900,'en',NULL,NULL,1,4,NULL),
(52,46,'Jurassic Park',1900,'en',NULL,NULL,1,4,NULL),
(53,47,'A Russian Journal',1900,'en',NULL,NULL,1,4,NULL),
(54,48,'Tales of Mystery and Imagination',1900,'en',NULL,NULL,1,4,NULL),
(55,10,'Freakonomics',1900,'en',NULL,NULL,1,4,NULL),
(56,39,'The Hidden Connections',1900,'en',NULL,NULL,1,4,NULL),
(57,51,'The Story of Philosophy',1900,'en',NULL,NULL,1,4,NULL),
(58,52,'Asami Asami',1900,'en',NULL,NULL,1,4,NULL),
(59,47,'Journal of a Novel',1900,'en',NULL,NULL,1,4,NULL),
(60,47,'Once There Was a War',1900,'en',NULL,NULL,1,4,NULL),
(61,47,'The Moon is Down',1900,'en',NULL,NULL,1,4,NULL),
(62,56,'The Brethren',1900,'en',NULL,NULL,1,4,NULL),
(63,57,'In a Free State',1900,'en',NULL,NULL,1,4,NULL),
(64,58,'Catch 22',1900,'en',NULL,NULL,1,4,NULL),
(65,59,'The Complete Mastermind',1900,'en',NULL,NULL,1,4,NULL),
(66,60,'Dylan on Dylan',1900,'en',NULL,NULL,1,4,NULL),
(67,61,'Soft Computing & Intelligent Systems',1900,'en',NULL,NULL,1,4,NULL),
(68,62,'Textbook of Economic Theory',1900,'en',NULL,NULL,1,4,NULL),
(69,63,'Econometric Analysis',1900,'en',NULL,NULL,1,4,NULL),
(70,64,'Learning OpenCV',1900,'en',NULL,NULL,1,4,NULL),
(71,65,'Data Structures Using C & C++',1900,'en',NULL,NULL,1,4,NULL),
(72,66,'A Modern Approach Computer Vision',1900,'en',NULL,NULL,1,4,NULL),
(73,67,'Principles of Communication Systems',1900,'en',NULL,NULL,1,4,NULL),
(74,68,'Let Us C',1900,'en',NULL,NULL,1,4,NULL),
(75,69,'The Amulet of Samarkand',1900,'en',NULL,NULL,1,4,NULL),
(76,70,'Crime and Punishment',1900,'en',NULL,NULL,1,4,NULL),
(77,71,'Angels & Demons',1900,'en',NULL,NULL,1,4,NULL),
(78,72,'The Argumentative Indian',1900,'en',NULL,NULL,1,4,NULL),
(79,73,'Sea of Poppies',1900,'en',NULL,NULL,1,4,NULL),
(80,72,'The Idea of Justice',1900,'en',NULL,NULL,1,4,NULL),
(81,75,'A Raisin in the Sun',1900,'en',NULL,NULL,1,4,NULL),
(82,76,'All the President\'s Men',1900,'en',NULL,NULL,1,4,NULL),
(83,43,'A Prisoner of Birth',1900,'en',NULL,NULL,1,4,NULL),
(84,78,'Scoop!',1900,'en',NULL,NULL,1,4,NULL),
(85,79,'Ahe Manohar Tari',1900,'en',NULL,NULL,1,4,NULL),
(86,80,'The Last Mughal',1900,'en',NULL,NULL,1,4,NULL),
(87,81,'Vol 39 No. 1 Social Choice & Welfare',1900,'en',NULL,NULL,1,4,NULL),
(88,52,'Radiowaril Bhashane & Shrutika',1900,'en',NULL,NULL,1,4,NULL),
(89,52,'Gun Gayin Awadi',1900,'en',NULL,NULL,1,4,NULL),
(90,52,'Aghal Paghal',1900,'en',NULL,NULL,1,4,NULL),
(91,85,'Maqta-e-Ghalib',1900,'en',NULL,NULL,1,4,NULL),
(92,86,'Manasa',1900,'en',NULL,NULL,1,4,NULL),
(93,87,'India from Midnight to Milennium',1900,'en',NULL,NULL,1,4,NULL),
(94,87,'The Great Indian Novel',1900,'en',NULL,NULL,1,4,NULL),
(95,89,'O Jerusalem!',1900,'en',NULL,NULL,1,4,NULL),
(96,89,'The City of Joy',1900,'en',NULL,NULL,1,4,NULL),
(97,89,'Freedom at Midnight',1900,'en',NULL,NULL,1,4,NULL),
(98,47,'The Winter of Our Discontent',1900,'en',NULL,NULL,1,4,NULL),
(99,93,'On Education',1900,'en',NULL,NULL,1,4,NULL),
(100,94,'Free Will',1900,'en',NULL,NULL,1,4,NULL),
(101,87,'Bookless in Baghdad',1900,'en',NULL,NULL,1,4,NULL),
(102,96,'The Case of the Lame Canary',1900,'en',NULL,NULL,1,4,NULL),
(103,9,'The Theory of Everything',1900,'en',NULL,NULL,1,4,NULL),
(104,98,'New Markets & Other Essays',1900,'en',NULL,NULL,1,4,NULL),
(105,99,'Electric Universe',1900,'en',NULL,NULL,1,4,NULL),
(106,100,'The Hunchback of Notre Dame',1900,'en',NULL,NULL,1,4,NULL),
(107,47,'Burning Bright',1900,'en',NULL,NULL,1,4,NULL),
(108,98,'The Age of Discontuinity',1900,'en',NULL,NULL,1,4,NULL),
(109,103,'Doctor in the Nude',1900,'en',NULL,NULL,1,4,NULL),
(110,104,'Down and Out in Paris & London',1900,'en',NULL,NULL,1,4,NULL),
(111,72,'Identity & Violence',1900,'en',NULL,NULL,1,4,NULL),
(112,80,'Beyond the Three Seas',1900,'en',NULL,NULL,1,4,NULL),
(113,107,'Talking Straight',1900,'en',NULL,NULL,1,4,NULL),
(114,108,'Vol 3 Maugham\'s Collected Short Stories',1900,'en',NULL,NULL,1,4,NULL),
(115,42,'The Phantom of Manhattan',1900,'en',NULL,NULL,1,4,NULL),
(116,108,'Ashenden of The British Agent',1900,'en',NULL,NULL,1,4,NULL),
(117,111,'Zen & The Art of Motorcycle Maintenance',1900,'en',NULL,NULL,1,4,NULL),
(118,112,'The Great War for Civilization',1900,'en',NULL,NULL,1,4,NULL),
(119,45,'We the Living',1900,'en',NULL,NULL,1,4,NULL),
(120,114,'The Artist and the Mathematician',1900,'en',NULL,NULL,1,4,NULL),
(121,93,'History of Western Philosophy',1900,'en',NULL,NULL,1,4,NULL),
(122,72,'Rationality & Freedom',1900,'en',NULL,NULL,1,4,NULL),
(123,117,'Clash of Civilizations and Remaking of the World Order',1900,'en',NULL,NULL,1,4,NULL),
(124,39,'Uncommon Wisdom',1900,'en',NULL,NULL,1,4,NULL),
(125,119,'One',1900,'en',NULL,NULL,1,4,NULL),
(126,120,'To Sir With Love',1900,'en',NULL,NULL,1,4,NULL),
(127,121,'Half A Life',1900,'en',NULL,NULL,1,4,NULL),
(128,122,'The Discovery of India',1900,'en',NULL,NULL,1,4,NULL),
(129,52,'Apulki',1900,'en',NULL,NULL,1,4,NULL),
(130,93,'Unpopular Essays',1900,'en',NULL,NULL,1,4,NULL),
(131,42,'The Deceiver',1900,'en',NULL,NULL,1,4,NULL),
(132,76,'Veil: Secret Wars of the CIA',1900,'en',NULL,NULL,1,4,NULL),
(133,52,'Char Shabda',1900,'en',NULL,NULL,1,4,NULL),
(134,128,'Rosy is My Relative',1900,'en',NULL,NULL,1,4,NULL),
(135,108,'The Moon and Sixpence',1900,'en',NULL,NULL,1,4,NULL),
(136,130,'A Short History of the World',1900,'en',NULL,NULL,1,4,NULL),
(137,108,'The Trembling of a Leaf',1900,'en',NULL,NULL,1,4,NULL),
(138,103,'Doctor on the Brain',1900,'en',NULL,NULL,1,4,NULL),
(139,133,'Simpsons & Their Mathematical Secrets',1900,'en',NULL,NULL,1,4,NULL),
(140,134,'Pattern Classification',1900,'en',NULL,NULL,1,4,NULL),
(141,135,'From Beirut to Jerusalem',1900,'en',NULL,NULL,1,4,NULL),
(142,133,'The Code Book',1900,'en',NULL,NULL,1,4,NULL),
(143,112,'The Age of the Warrior',1900,'en',NULL,NULL,1,4,NULL),
(144,138,'The Numbers Behind Numb3rs',1900,'en',NULL,NULL,1,4,NULL),
(145,47,'A Life in Letters',1900,'en',NULL,NULL,1,4,NULL),
(146,140,'The Information',1900,'en',NULL,NULL,1,4,NULL),
(147,141,'Elements of Information Theory',1900,'en',NULL,NULL,1,4,NULL),
(148,142,'Power Electronics - Rashid',1900,'en',NULL,NULL,1,4,NULL),
(149,143,'Power Electronics - Mohan',1900,'en',NULL,NULL,1,4,NULL),
(150,144,'Neural Networks',1900,'en',NULL,NULL,1,4,NULL),
(151,47,'The Grapes of Wrath',1900,'en',NULL,NULL,1,4,NULL),
(152,52,'Vyakti ani Valli',1900,'en',NULL,NULL,1,4,NULL),
(153,12,'Statistical Learning Theory',1900,'en',NULL,NULL,1,4,NULL),
(154,148,'Empire of the Mughal - The Tainted Throne',1900,'en',NULL,NULL,1,4,NULL),
(155,148,'Empire of the Mughal - Brothers at War',1900,'en',NULL,NULL,1,4,NULL),
(156,148,'Empire of the Mughal - Ruler of the World',1900,'en',NULL,NULL,1,4,NULL),
(157,148,'Empire of the Mughal - The Serpent\'s Tooth',1900,'en',NULL,NULL,1,4,NULL),
(158,148,'Empire of the Mughal - Raiders from the North',1900,'en',NULL,NULL,1,4,NULL),
(159,153,'Mossad',1900,'en',NULL,NULL,1,4,NULL),
(160,154,'Jim Corbett Omnibus',1900,'en',NULL,NULL,1,4,NULL),
(161,155,'20000 Leagues Under the Sea',1900,'en',NULL,NULL,1,4,NULL),
(162,156,'Batatyachi Chal',1900,'en',NULL,NULL,1,4,NULL),
(163,156,'Hafasavnuk',1900,'en',NULL,NULL,1,4,NULL),
(164,156,'Urlasurla',1900,'en',NULL,NULL,1,4,NULL),
(165,68,'Pointers in C',1900,'en',NULL,NULL,1,4,NULL),
(166,160,'The Cathedral and the Bazaar',1900,'en',NULL,NULL,1,4,NULL),
(167,161,'Design with OpAmps',1900,'en',NULL,NULL,1,4,NULL),
(168,162,'Think Complexity',1900,'en',NULL,NULL,1,4,NULL),
(169,163,'The Devil\'s Advocate',1900,'en',NULL,NULL,1,4,NULL),
(170,45,'Ayn Rand Answers',1900,'en',NULL,NULL,1,4,NULL),
(171,45,'Philosophy: Who Needs It',1900,'en',NULL,NULL,1,4,NULL),
(172,166,'Data Analysis with Open Source Tools',1900,'en',NULL,NULL,1,4,NULL),
(173,167,'Broca\'s Brain',1900,'en',NULL,NULL,1,4,NULL),
(174,168,'Men of Mathematics',1900,'en',NULL,NULL,1,4,NULL),
(175,169,'Oxford book of Modern Science Writing',1900,'en',NULL,NULL,1,4,NULL),
(176,170,'Judiciary and Democracy Justice',1900,'en',NULL,NULL,1,4,NULL),
(177,171,'The Arthashastra',1900,'en',NULL,NULL,1,4,NULL),
(178,172,'We the People',1900,'en',NULL,NULL,1,4,NULL),
(179,172,'We the Nation',1900,'en',NULL,NULL,1,4,NULL),
(180,174,'The Courtroom Genius',1900,'en',NULL,NULL,1,4,NULL),
(181,175,'Dongri to Dubai',1900,'en',NULL,NULL,1,4,NULL),
(182,176,'Foundation History of England',1900,'en',NULL,NULL,1,4,NULL),
(183,80,'City of Djinns',1900,'en',NULL,NULL,1,4,NULL),
(184,178,'India\'s Legal System',1900,'en',NULL,NULL,1,4,NULL),
(185,179,'More Tears to Cry',1900,'en',NULL,NULL,1,4,NULL),
(186,180,'The Ropemaker',1900,'en',NULL,NULL,1,4,NULL),
(188,182,'The Prince',1900,'en',NULL,NULL,1,4,NULL),
(189,183,'Eyeless in Gaza',1900,'en',NULL,NULL,1,4,NULL),
(190,184,'Tales of Beedle the Bard',1900,'en',NULL,NULL,1,4,NULL),
(191,185,'Girl with the Dragon Tattoo',1900,'en',NULL,NULL,1,4,NULL),
(192,185,'Girl who kicked the Hornet\'s Nest',1900,'en',NULL,NULL,1,4,NULL),
(193,185,'Girl who played with Fire',1900,'en',NULL,NULL,1,4,NULL),
(194,28,'Structure and Randomness',1900,'en',NULL,NULL,1,4,NULL),
(195,189,'Image Processing with MATLAB',1900,'en',NULL,NULL,1,4,NULL),
(196,104,'Animal Farm',1900,'en',NULL,NULL,1,4,NULL),
(197,70,'The Idiot',1900,'en',NULL,NULL,1,4,NULL),
(198,192,'A Christmas Carol',1900,'en',NULL,NULL,1,4,NULL);

CREATE TABLE `clients` (
  `client_id` int(10) unsigned NOT NULL AUTO_INCREMENT,
  `name` varchar(50) DEFAULT NULL,
  `email` varchar(100) NOT NULL,
  `birthdate` date DEFAULT NULL,
  `gender` enum('M','F') DEFAULT NULL,
  `active` tinyint(1) NOT NULL DEFAULT '1',
  `created_at` timestamp NOT NULL DEFAULT CURRENT_TIMESTAMP,
  PRIMARY KEY (`client_id`),
  UNIQUE KEY `email` (`email`)
) ENGINE=InnoDB AUTO_INCREMENT=101 DEFAULT CHARSET=utf8;

INSERT INTO `clients` VALUES (1,'Maria Dolores Gomez','Maria Dolores.95983222J@random.names','1971-06-06','F',1,'2018-04-09 16:51:30'),
(2,'Adrian Fernandez','Adrian.55818851J@random.names','1970-04-09','M',1,'2018-04-09 16:51:30'),
(3,'Maria Luisa Marin','Maria Luisa.83726282A@random.names','1957-07-30','F',1,'2018-04-09 16:51:30'),
(4,'Pedro Sanchez','Pedro.78522059J@random.names','1992-01-31','M',1,'2018-04-09 16:51:30'),
(5,'Pablo Saavedra','Pablo.93733268B@random.names','1960-07-21','M',1,'2018-04-09 16:51:30'),
(6,'Marta Carrillo','Marta.55741882W@random.names','1981-06-15','F',1,'2018-04-09 16:51:30'),
(7,'Javier Barrio','Javier.54966248C@random.names','1971-04-24','M',1,'2018-04-09 16:51:30'),
(8,'Milagros Garcia','Milagros.90074144A@random.names','1964-12-05','F',1,'2018-04-09 16:51:30'),
(9,'Carlos Quiros','Carlos.63291957M@random.names','1954-08-28','M',1,'2018-04-09 16:51:30'),
(10,'Carmen De la Torre','Carmen.57408761W@random.names','1966-05-14','F',1,'2018-04-09 16:51:30'),
(11,'Laura Moron','Laura.57774589S@random.names','1954-03-02','F',1,'2018-04-09 16:51:30'),
(12,'Maria Dolores Larrea','Maria Dolores.71788005Z@random.names','1990-09-04','F',1,'2018-04-09 16:51:30'),
(13,'Maria Dolores Sanz','Maria Dolores.30948169J@random.names','2001-08-30','F',1,'2018-04-09 16:51:30'),
(14,'Jose Maria Bermudez','Jose Maria.24963969E@random.names','1998-05-23','M',1,'2018-04-09 16:51:30'),
(15,'Carlos Blanco','Carlos.94783133H@random.names','1952-08-07','M',1,'2018-04-09 16:51:30'),
(16,'Juan Carlos Jurado','Juan Carlos.71650477A@random.names','1990-12-12','M',1,'2018-04-09 16:51:30'),
(17,'David Gonzalez','David.54332034P@random.names','1976-05-03','M',1,'2018-04-09 16:51:30'),
(18,'Antonia Aranda','Antonia.91560262E@random.names','1979-10-25','F',1,'2018-04-09 16:51:30'),
(19,'Maria Moreno','Maria.58935447V@random.names','1997-01-12','F',1,'2018-04-09 16:51:30'),
(20,'David Casals','David.06746883V@random.names','1999-07-13','M',1,'2018-04-09 16:51:30'),
(21,'Mario Romero','Mario.46091382A@random.names','1985-03-29','M',1,'2018-04-09 16:51:30'),
(22,'Maria angeles Alba','Maria angeles.91808919A@random.names','1959-09-14','F',1,'2018-04-09 16:51:30'),
(23,'Rafael Espinola','Rafael.67605541P@random.names','1998-10-11','M',1,'2018-04-09 16:51:30'),
(24,'Montserrat alvarez','Montserrat.31114289G@random.names','1994-11-06','F',1,'2018-04-09 16:51:30'),
(25,'Maria Carmen Gomez','Maria Carmen.64351051H@random.names','1968-06-30','F',1,'2018-04-09 16:51:30'),
(26,'Maria Cruz Morillas','Maria Cruz.81385695B@random.names','1978-10-29','F',1,'2018-04-09 16:51:30'),
(27,'Josefa Roldan','Josefa.51417560W@random.names','1993-08-09','F',1,'2018-04-09 16:51:30'),
(28,'Monica Pla','Monica.18992324M@random.names','1972-06-08','F',1,'2018-04-09 16:51:30'),
(29,'Juana Maria Lopez','Juana Maria.51072683X@random.names','1990-07-15','F',1,'2018-04-09 16:51:30'),
(30,'Maria Carmen Ponce','Maria Carmen.41619980P@random.names','1984-07-26','F',1,'2018-04-09 16:51:30'),
(31,'Juan Carlos Rios','Juan Carlos.45673504N@random.names','1967-05-04','M',1,'2018-04-09 16:51:30'),
(32,'Isabel Alfaro','Isabel.77316882J@random.names','1980-07-25','F',1,'2018-04-09 16:51:30'),
(33,'Maria Isabel Armas','Maria Isabel.42010289F@random.names','1950-11-21','F',1,'2018-04-09 16:51:30'),
(34,'Maria Teresa Castillo','Maria Teresa.91228389Q@random.names','2002-11-08','F',1,'2018-04-09 16:51:30'),
(35,'Andres Planells','Andres.09981449R@random.names','1992-06-19','M',1,'2018-04-09 16:51:30'),
(36,'Silvia Perez','Silvia.91812407H@random.names','1969-02-15','F',1,'2018-04-09 16:51:30'),
(37,'Pablo Gonzalez','Pablo.11605676Z@random.names','2000-10-11','M',1,'2018-04-09 16:51:30'),
(38,'Maria Antonia Jimenez','Maria Antonia.98071058R@random.names','1998-06-23','F',1,'2018-04-09 16:51:31'),
(39,'Jesus Rodriguez','Jesus.86679475L@random.names','1961-01-17','M',1,'2018-04-09 16:51:31'),
(40,'Carmen Rodriguez','Carmen.81799536J@random.names','1973-02-17','F',1,'2018-04-09 16:51:31'),
(41,'Maria Dolores Rodriguez','Maria Dolores.75444599E@random.names','1962-08-14','F',1,'2018-04-09 16:51:31'),
(42,'Jordi Campos','Jordi.76000917Q@random.names','1956-09-23','M',1,'2018-04-09 16:51:31'),
(43,'Carlos Caceres','Carlos.97628163V@random.names','1993-05-16','M',1,'2018-04-09 16:51:31'),
(44,'Carmen Robles','Carmen.29258188A@random.names','1955-06-19','F',1,'2018-04-09 16:51:31'),
(45,'Sara Rodriguez','Sara.16181250Z@random.names','2001-06-07','F',1,'2018-04-09 16:51:31'),
(46,'Maria Carmen Rivera','Maria Carmen.59955426S@random.names','2000-05-27','F',1,'2018-04-09 16:51:31'),
(47,'Alberto Cabanas','Alberto.40633755T@random.names','1991-10-27','M',1,'2018-04-09 16:51:31'),
(48,'Jose Sanchez','Jose.52243847Z@random.names','1976-12-06','M',1,'2018-04-09 16:51:31'),
(49,'Isabel Martinez','Isabel.90843261T@random.names','1962-07-01','F',1,'2018-04-09 16:51:31'),
(50,'David Sanchez','David.14910073R@random.names','1975-05-18','M',1,'2018-04-09 16:51:31'),
(51,'Sergio Sebastian','Sergio.09345984A@random.names','1959-08-30','M',1,'2018-04-09 16:51:31'),
(52,'Manuel Cabrera','Manuel.38738750B@random.names','1993-08-23','M',1,'2018-04-09 16:51:31'),
(53,'Marina Gabaldon','Marina.12101665P@random.names','1959-03-25','F',1,'2018-04-09 16:51:31'),
(54,'Rafael Galvez','Rafael.87947175M@random.names','1988-09-02','M',1,'2018-04-09 16:51:31'),
(55,'Francisco Villar','Francisco.13922268T@random.names','1952-04-25','M',1,'2018-04-09 16:51:31'),
(56,'Francisco Garcia','Francisco.34242509V@random.names','1989-01-22','M',1,'2018-04-09 16:51:31'),
(57,'Esther Pina','Esther.36300729J@random.names','1977-11-07','F',1,'2018-04-09 16:51:31'),
(58,'Maria Jesus Noya','Maria Jesus.95839533M@random.names','1996-08-07','F',1,'2018-04-09 16:51:31'),
(59,'Paula Ropero','Paula.53630073F@random.names','1998-09-04','F',1,'2018-04-09 16:51:31'),
(60,'Maria Carmen Iglesias','Maria Carmen.24044144J@random.names','1977-06-12','F',1,'2018-04-09 16:51:31'),
(61,'Albert Galvez','Albert.10067957Y@random.names','1971-05-17','M',1,'2018-04-09 16:51:31'),
(62,'Carmen Lopez','Carmen.09399409E@random.names','1987-03-07','F',1,'2018-04-09 16:51:31'),
(63,'Francisco Jose Leon','Francisco Jose.07598657D@random.names','1965-12-11','M',1,'2018-04-09 16:51:31'),
(64,'Francisca Gonzalez','Francisca.19675393C@random.names','1957-12-23','F',1,'2018-04-09 16:51:31'),
(65,'Daniel Garcia','Daniel.01386486T@random.names','1979-05-29','M',1,'2018-04-09 16:51:31'),
(66,'Ana Maria Martinez','Ana Maria.91340418N@random.names','1980-09-14','F',1,'2018-04-09 16:51:31'),
(67,'Maria Aguilar','Maria.41749884P@random.names','2000-07-31','F',1,'2018-04-09 16:51:31'),
(68,'oscar Penas','oscar.31681177B@random.names','1981-10-02','M',1,'2018-04-09 16:51:31'),
(69,'Adrian Vela','Adrian.66561884E@random.names','1978-12-10','M',1,'2018-04-09 16:51:31'),
(70,'Francisco Alcalde','Francisco.52899588W@random.names','1967-03-11','M',1,'2018-04-09 16:51:31'),
(71,'Maria Dolores Perez','Maria Dolores.47800073R@random.names','2003-11-10','F',1,'2018-04-09 16:51:31'),
(72,'Juan Jose Tejada','Juan Jose.30429668R@random.names','1990-06-15','M',1,'2018-04-09 16:51:31'),
(73,'Cristobal Nogues','Cristobal.01001763K@random.names','2003-10-01','M',1,'2018-04-09 16:51:31'),
(74,'Maria Luisa Sanchez','Maria Luisa.91748033K@random.names','2000-02-03','F',1,'2018-04-09 16:51:31'),
(75,'Adrian Orta','Adrian.11458937S@random.names','1952-03-20','M',1,'2018-04-09 16:51:31'),
(76,'Maria Pilar Martin','Maria Pilar.93607154Y@random.names','1996-08-29','F',1,'2018-04-09 16:51:31'),
(77,'Jesus Perez','Jesus.91931655B@random.names','1954-06-01','M',1,'2018-04-09 16:51:31'),
(78,'Jesus Perez','Jesus.15757299E@random.names','1956-08-29','M',1,'2018-04-09 16:51:31'),
(79,'Esther Capdevila','Esther.96440550D@random.names','1970-10-12','F',1,'2018-04-09 16:51:31'),
(80,'David Nieves','David.40697907M@random.names','1965-04-02','M',1,'2018-04-09 16:51:31'),
(81,'Antonia Giron','Antonia.32080105G@random.names','1983-01-22','F',1,'2018-04-09 16:51:31'),
(82,'Juan Casero','Juan.94063877H@random.names','1974-06-29','M',1,'2018-04-09 16:51:31'),
(83,'Manuel De Pablo','Manuel.01279669H@random.names','1973-03-23','M',1,'2018-04-09 16:51:31'),
(84,'angel Palomo','angel.28890315S@random.names','1991-07-04','M',1,'2018-04-09 16:51:31'),
(85,'Laura Herrera','Laura.98555932N@random.names','1966-12-12','F',1,'2018-04-09 16:51:31'),
(86,'Maria Josefa Benitez','Maria Josefa.36743977M@random.names','1987-04-17','F',1,'2018-04-09 16:51:31'),
(87,'Luis Saez','Luis.08103734Y@random.names','1983-03-28','M',1,'2018-04-09 16:51:31'),
(88,'Susana Nevado','Susana.09442372K@random.names','1961-12-26','F',1,'2018-04-09 16:51:31'),
(89,'Miguel Gomez','Miguel.01631964E@random.names','1965-05-16','M',1,'2018-04-09 16:51:31'),
(90,'Julio Mayordomo','Julio.77582185B@random.names','1968-06-05','M',1,'2018-04-09 16:51:31'),
(91,'Sonia Mari','Sonia.06246888L@random.names','1994-10-13','F',1,'2018-04-09 16:51:31'),
(92,'Antonia Beltran','Antonia.96371304Q@random.names','1967-11-17','F',1,'2018-04-09 16:51:31'),
(93,'Mercedes Perez','Mercedes.80944345P@random.names','1958-11-05','F',1,'2018-04-09 16:51:31'),
(94,'Concepcion Velez','Concepcion.56896097P@random.names','1964-04-05','F',1,'2018-04-09 16:51:31'),
(95,'Diego Correa','Diego.44862413Q@random.names','1999-09-15','M',1,'2018-04-09 16:51:31'),
(96,'Juan Antonio Galan','Juan Antonio.95710220K@random.names','1982-11-20','M',1,'2018-04-09 16:51:31'),
(97,'Manuel Cerezo','Manuel.25853412D@random.names','1991-03-12','M',1,'2018-04-09 16:51:31'),
(98,'Rosa Maria Singh','Rosa Maria.41642169W@random.names','1956-12-31','F',1,'2018-04-09 16:51:31'),
(99,'angeles Mena','angeles.88859550Q@random.names','1987-09-22','F',1,'2018-04-09 16:51:31'),
(100,'Jose Hidalgo','Jose.05903641R@random.names','1973-08-13','M',1,'2018-04-09 16:51:31');

CREATE TABLE `transactions` (
  `transaction_id` int(10) unsigned NOT NULL AUTO_INCREMENT,
  `book_id` int(10) unsigned NOT NULL,
  `client_id` int(10) unsigned NOT NULL,
  `type` enum('lend','sell') NOT NULL,
  `created_at` timestamp NOT NULL DEFAULT CURRENT_TIMESTAMP,
  `modified_at` timestamp NOT NULL DEFAULT CURRENT_TIMESTAMP ON UPDATE CURRENT_TIMESTAMP,
  `finished` tinyint(1) NOT NULL DEFAULT '0',
  PRIMARY KEY (`transaction_id`)
) ENGINE=InnoDB DEFAULT CHARSET=utf8;

CREATE TABLE `admin` (
  `user_id` int(10) unsigned NOT NULL AUTO_INCREMENT,
  `name` varchar(50) DEFAULT NULL,
  `email` varchar(100) NOT NULL,
  `gender` enum('M','F') DEFAULT NULL,
  `active` tinyint(1) NOT NULL DEFAULT '1',
  `created_at` timestamp NOT NULL DEFAULT CURRENT_TIMESTAMP,
  PRIMARY KEY (`user_id`),
  UNIQUE KEY `email` (`email`)
) ENGINE=InnoDB AUTO_INCREMENT=101 DEFAULT CHARSET=utf8;


INSERT INTO `admin` VALUES (1,'ACERO QUILUMBAQUIN OSCAR GIOVANNY','oskargiovanny@gmail.com','M',1,'2018-04-09 16:51:30'),
(2,'ACOSTA EGAS EDWIN RODRIGO','acostaed2@yahoo.com','M',1,'2018-04-09 16:51:30'),
(3,'','acosta.david@hotmail.com','M',0,'2018-04-09 16:51:30'),
(4,'ACUÑA PASTRANO STEVEN','stevenacupas@hotmail.com','M',1,'2018-04-09 16:51:30'),
(5,'ACUÑA ZURITA FRANCISCO JAVIER','fjacunazurita@gmail.com','M',1,'2018-04-09 16:51:30'),
(6,'ALMEIDA ARBOLEDA LUIS EDUARDO','eduardoarboleda94@gmail.com','M',1,'2018-04-09 16:51:30'),
(7,'ALQUINGA GUAMÁN EDISON PAÚL','intelsin@gmail.com','M',0,'2018-04-09 16:51:30'),
(8,'ALVAREZ LÓPEZ OSCAR ANDRÉS','fotografiacfrances@gmail.com','M',1,'2018-04-09 16:51:30'),
(9,'ALVAREZ VALENCIA GIOVANNA ALEXANDRA','alvgio@hotmail.es','F',1,'2018-04-09 16:51:30'),
(10,'ANANGONO DONOSO HOMERO AUGUSTO','augustohomero_2013@hotmail.com','M',1,'2018-04-09 16:51:30'),
(11,'ANDOCILLA ANDRADE CARLOS ALBERTO','albertandoca@gmail.com','M',0,'2018-04-09 16:51:30'),
(12,'ARBOLEDA JORDÁN DARÍO GABRIEL','dario.gabriel.arboleda@hotmail.com','M',1,'2018-04-09 16:51:30'),
(13,'','silvia.arciniegas@yahoo.com','F',0,'2018-04-09 16:51:30'),
(14,'ARÉVALO ACARO INGRID JAKELINE','ingridwaow@gmail.com','F',1,'2018-04-09 16:51:30'),
(15,'ARIAS MONTESDEOCA MARIA ELENA','elena.socio.logo@hotmail.com','F',1,'2018-04-09 16:51:30'),
(16,'ARIAS PILLAJO ALESSANDRA JENNY','arias.alexandra@hotmail.es','F',1,'2018-04-09 16:51:30'),
(17,'ARMAS BLACIO CRISTHIAN  ANÍBAL','c2ablacio@gmail.com','M',0,'2018-04-09 16:51:30'),
(18,'ARMAS CASTAÑEDA NELLY PAOLA','nellypaola18@yahoo.com','F',1,'2018-04-09 16:51:30'),
(19,'BAEZ CHAVEZ BYRON','byronbaez30@gmail.com','M',1,'2018-04-09 16:51:30'),
(20,'','juandvd092@gmail.com','M',1,'2018-04-09 16:51:30'),
(21,'BALDEÓN TOBAR SANTIAGO ALEJANDRO','santi94_19@hotmail.com','M',1,'2018-04-09 16:51:30'),
(22,'BASURTO GUERRERO MARIO OSWALDO','mobasurto@hotmail.com','M',1,'2018-04-09 16:51:30'),
(23,'BECERRA QUINTANA MARIA TERESA','maria.becerra@iti.edu.ec','F',1,'2018-04-09 16:51:30'),
(24,'BENITEZ BRAVO ALVARO GABRIEL','alvaro.gabriel.benitez@gmail.com','M',1,'2018-04-09 16:51:30'),
(25,'','victorh.benitez@hotmail.com','M',1,'2018-04-09 16:51:30'),
(26,'BENÍTEZ GUERRERO PABLO','pablobenitezg4@gmail.com','M',0,'2018-04-09 16:51:30'),
(27,'BENITEZ ROGEL JONATHAN ALEJANDRO','naix_11@hotmail.com','M',1,'2018-04-09 16:51:30'),
(28,'BLACIO JARA ROSA ELENA','rosyblacio@gmail.com','F',0,'2018-04-09 16:51:30'),
(29,'BOADA PUGA GUIDO HERNÁN','ghbp64@hotmail.com','M',1,'2018-04-09 16:51:30'),
(30,'BONILLA MORALES CHRISTIAN LEONARDO','lordbonilla@hotmail.com','M',1,'2018-04-09 16:51:30'),
(31,'BUITRÓN CHÁVEZ SANTIAGO FRANCISCO','ecuadorheritage@gmail.com','M',1,'2018-04-09 16:51:30'),
(32,'BUITRON SIERRA LUCIA DE LOS ANGELES','luciabuitron@gmail.com','F',1,'2018-04-09 16:51:30'),
(33,'BUSTAMANTE CARRERA MARÍA JOSÉ','mabyjoron308@hotmail.com','F',1,'2018-04-09 16:51:30'),
(34,'','mebustillosrodas@hotmail.com','M',1,'2018-04-09 16:51:30'),
(35,'CABEZAS PAZMIÑO ERIC SANTIAGO','erichawk_73@hotmail.com','M',1,'2018-04-09 16:51:30'),
(36,'CABRERA VILLAVICENCIO MARCO WLADIMIR','mcabrera-89@hotmail.com','M',1,'2018-04-09 16:51:30'),
(37,'','gf.escobarc@gmail.com','M',1,'2018-04-09 16:51:30'),
(38,'CACHIMUEL PAREDES STALIN GABRIEL','stalincach@gmail.com','M',1,'2018-04-09 16:51:30'),
(39,'CAGUANA JACOME VERONICA','verocaguana@gmail.com','F',1,'2018-04-09 16:51:30'),
(40,'','jaimecajamarca@hotmail.com','M',0,'2018-04-09 16:51:30'),
(41,'CALUPIÑA FEIJOÓ PAOLA  ALEXANDRA','pcalupia@hotmail.com','F',1,'2018-04-09 16:51:30'),
(42,'CALVOPIÑA LARA BOLÍVAR RICARDO','bcalvopina15@gmail.com','M',1,'2018-04-09 16:51:30'),
(43,'CAMPAÑA OBANDO ROBINSON RAUL','rc.campana1967@gmail.com','M',0,'2018-04-09 16:51:30'),
(44,'CAMPANA SEGOVIA JORGE WASHINGTON','jorgecampanaseg@hotmail.com','M',1,'2018-04-09 16:51:30'),
(45,'CAÑAR GARZON ROGER WILFRIDO','rwcg.1965@yahoo.com','M',1,'2018-04-09 16:51:30'),
(46,'','jorgecarrera@andinanet.net','M',0,'2018-04-09 16:51:30'),
(47,'CARTAGENA TELLO NELSON EFRAÍN','nelcartag@hotmail.com','M',1,'2018-04-09 16:51:30'),
(48,'CARVAJAL FIERRO CHRISTIAN AUGUSTO','christiancarvajal9@hotmail.com','M',1,'2018-04-09 16:51:30'),
(49,'CERE ZAMBRANO ELIZABETH ALEJANDRA','eli_c_z@hotmail.com','F',1,'2018-04-09 16:51:30'),
(50,'CERÓN ENCALADA HUMBERTO','humberto.ceron@iti.edu.ec','M',1,'2018-04-09 16:51:30'),
(51,'CEVALLOS CABEZAS TERESA  VERÓNICA','tere7vero@hotmail.com','F',1,'2018-04-09 16:51:30'),
(52,'CHANGO YUGCHA VERÓNICA JEANNETH','verocha3@outlook.com','F',1,'2018-04-09 16:51:30'),
(53,'CHAQUINGA LOPEZ DAISSY BEATRIZ','dasy_1923@yahoo.com','F',1,'2018-04-09 16:51:30'),
(54,'CHAQUINGA LÓPEZ ANDRÉS','driw_computer_andres@hotmail.com','M',1,'2018-04-09 16:51:30'),
(55,'CHARPENTIER CHÁVEZ MARÍA JOSÉ','mjcharpentier87@gmail.com','F',1,'2018-04-09 16:51:30'),
(56,'CHAVEZ ACOSTA CARLOS ANDRES','cachad2@hotmail.com','M',1,'2018-04-09 16:51:30'),
(57,'CHAVEZ BORRALLOS HECTOR OSWALDO','hectorcheleo86@gmail.com','M',1,'2018-04-09 16:51:30'),
(58,'CHÁVEZ ORMAZA WLADIMIR PATRICIO','wladpato@hotmail.com','M',1,'2018-04-09 16:51:30'),
(59,'CHAVEZ ZAMBRANO REYNA ELIZABETH','reyna.chavez@hotmail.com','F',1,'2018-04-09 16:51:30'),
(60,'CHIRIBOGA INSUASTI JUAN CARLOS','jc_chiriboga@hotmail.com','M',1,'2018-04-09 16:51:30'),
(61,'','sebastiancis@hotmail.com','M',1,'2018-04-09 16:51:30'),
(62,'CONDE VILLA ANDREA MARIVEL','andreacondevilla@gmail.com','F',1,'2018-04-09 16:51:30'),
(63,'CONTRERAS  ESTEBAN XAVIER','xavier.contreras@hotmail.com','M',1,'2018-04-09 16:51:30'),
(64,'CORELLA GUERRA FLAVIO','facorellag@gmail.com','M',0,'2018-04-09 16:51:30'),
(65,'CORONEL GRADOS MARLENE ISABEL','marlene.coronel19@gmail.com','F',1,'2018-04-09 16:51:30'),
(66,'CORONEL SEMPÉRTEGUI SANTIAGO','coronelsem88@gmail.com','M',1,'2018-04-09 16:51:30'),
(67,'COSTA UNDA VICTORIA MARIA','vickycxx@hotmail.com','F',1,'2018-04-09 16:51:30'),
(68,'CUENCA GONZAGA ASTRITH ILIANA','astrithiliana75@yahoo.es','F',1,'2018-04-09 16:51:30'),
(69,'DEFAZ CARRERA ÁLEX','alexdefaz@gmail.com','M',0,'2018-04-09 16:51:30'),
(70,'','zmdr3000@gmail.com','F',0,'2018-04-09 16:51:30'),
(71,'DÍAZ VILLARRUEL HEDDITH ELIZABETH','diaz_hedith@hotmail.com','F',0,'2018-04-09 16:51:30'),
(72,'DOBRONSKY ALVAREZ PAULINA DEL ROCÍO','paudob77@gmail.com','F',0,'2018-04-09 16:51:30'),
(73,'EGUEZ DEL POZO MARIA BELEN','belen.eguez@gmail.com','F',0,'2018-04-09 16:51:30'),
(74,'EGUEZ YABETA MARCELINO','marceleguez@yahoo.com','M',1,'2018-04-09 16:51:30'),
(75,'ENRÍQUEZ ÁLVAREZ MARCO','marco.enriquez07@gmail.com','M',0,'2018-04-09 16:51:30'),
(76,'ENRÍQUEZ FLORES GRACE LIZBETH','grace.enriquezflores@gmail.com','F',0,'2018-04-09 16:51:30'),
(77,'ENRÍQUEZ VILLACRESES WLADIMIR JAVIER','wjenriquez87@gmail.com','M',1,'2018-04-09 16:51:30'),
(78,'ESCOBAR BENITEZ MARGARITA PAULINA','paulyescobar@hotmail.com','F',0,'2018-04-09 16:51:30'),
(79,'ESCUDERO LUCERO GABRIELA','gabi_escudero@hotmail.com','F',0,'2018-04-09 16:51:30'),
(80,'','mayespi2009@hotmail.com','F',0,'2018-04-09 16:51:30'),
(81,'ESPINOZA BRAVO MARIA  JUDITH','judy_im@hotmail.com','F',0,'2018-04-09 16:51:30'),
(82,'ESPINOZA MINA FLOR DAYANA','daesmi88@gmail.com','F',1,'2018-04-09 16:51:30'),
(83,'ESTRELLA SILVA EULER','miguel.gaibor@hotmail.com','M',1,'2018-04-09 16:51:30'),
(84,'FALCONI AUSAY KARINA DEL ROCIO','falconikarina98@gmail.com','F',1,'2018-04-09 16:51:30'),
(85,'FERNÁNDEZ SUÁREZ GABRIELA','gabifer2023@gmail.com','F',1,'2018-04-09 16:51:30'),
(86,'FERNÁNDEZ YÁNEZ ANDRÉS','an_fer_yan@yahoo.com','M',1,'2018-04-09 16:51:30'),
(87,'FIGUEROA ENRIQUEZ EDWIN DARIO','edwindfigueroa@gmail.com','M',1,'2018-04-09 16:51:30'),
(88,'FLORES ASIMBAYA VERONICA','floresnoemiv@hotmail.com','F',1,'2018-04-09 16:51:30'),
(89,'FLORES CUEVA MAYTE SOLEDAD','mayte.soledad.cueva@gmail.com','F',1,'2018-04-09 16:51:30'),
(90,'FLORES MUÑOZ MAYRA ALEJANDRA','mafm_89@hotmail.com','F',1,'2018-04-09 16:51:30'),
(91,'FRANCO ROCHA YADIRA GUISSELA','yady10@hotmial.com','F',1,'2018-04-09 16:51:30'),
(92,'','alefreire_ec@hotmail.com','F',0,'2018-04-09 16:51:30'),
(93,'FREIRE MAYORGA EFRAIN LIBORIO','efrainfreire@yahoo.com','M',1,'2018-04-09 16:51:30'),
(94,'FREIRE ZAMBRANO JOSSELYN JOHANNA','johannafreire7339@gmail.com','F',1,'2018-04-09 16:51:30'),
(95,'GAIBOR MESTANZA MIGUEL ANGEL','vallejo.montenegro@hotmail.com','M',1,'2018-04-09 16:51:30'),
(96,'GALÁRRAGA CALERO JULIO CÉSAR','julio.galarraga.calero@gmail.com','M',1,'2018-04-09 16:51:30'),
(97,'GALARZA RIOFRÍO JUAN SEBASTIÁN','sebastian.galarza@iti.edu.ec','M',1,'2018-04-09 16:51:30'),
(98,'GALLEGOS RODRIGUEZ ANDRES GUSTAVO','a.gallegos.gfs@gmail.com','M',0,'2018-04-09 16:51:30'),
(99,'GALLEGOS TRUJILLO CHRISTIAN JAVIER','gt.cristian@hotmail.com','M',1,'2018-04-09 16:51:30'),
(100,'GALLO VIRACOCHA FREDDY ORLANDO','fviracocha@hotmail.com','M',1,'2018-04-09 16:51:30'),
(101,'GARCIA MONTENEGRO HERNAN PABLO','pablogarciamontenegro@hotmail.com','M',0,'2018-04-09 16:51:30'),
(102,'GARCÍA PERUGACHI FABIO SEBASTIÁN','fabio.garcia.perugachi@gmail.com','M',1,'2018-04-09 16:51:30'),
(103,'GARCÍA ROMERO ROBERTO ANDRÉS','ragromero1981@gmail.com','M',1,'2018-04-09 16:51:30'),
(104,'','evelinepgb@gmail.com','F',1,'2018-04-09 16:51:30'),
(105,'GONZALEZ MORALES DIEGO HERNAN','dhgonzalez2986@gmail.com','M',1,'2018-04-09 16:51:30'),
(106,'GUAMAN ALDAZ WILSON  RODRIGO','kjasama@hotmail.com','M',1,'2018-04-09 16:51:30'),
(107,'GUARNIZO CUMBICUS PATTY JANETH','pguarnizo@hotmail.com','F',1,'2018-04-09 16:51:30'),
(108,'GUERRA RAMOS CARLOS MANUEL','cmr_guerra@hotmail.com','M',0,'2018-04-09 16:51:30'),
(109,'GUERRA RAMOS JUDITH UBALDINA','judithguerraramos@gmail.com','F',1,'2018-04-09 16:51:30'),
(110,'GUERRA RAMOS SARA BETSABE','saraguerra_1@hotmail.com','F',1,'2018-04-09 16:51:30'),
(111,'GUERRA VALAREZO MANUEL','mannuguerra@yahoo.es','M',1,'2018-04-09 16:51:30'),
(112,'GUERRA VALENCIA MARÍA LORENA','guerralorena@yahoo.co.uk','F',1,'2018-04-09 16:51:30'),
(113,'GUERRERO  MYRIAN MERCEDES','myriancitag7@hotmail.com','F',0,'2018-04-09 16:51:30'),
(114,'','ricki_1590@hotmail.com','M',1,'2018-04-09 16:51:30'),
(115,'','soniap_guerrerog@hotmail.com','F',1,'2018-04-09 16:51:30'),
(116,'HEREDIA LOGROÑO PABLO','pahl1973@yahoo.com','M',0,'2018-04-09 16:51:30'),
(117,'HEREDIA MIRANDA ANDREA PAMELA','andreherediam2819@gmail.com','F',1,'2018-04-09 16:51:30'),
(118,'HERRERA DELGADO PATRICIO HOMERO','patonherrera@yahoo.es','M',1,'2018-04-09 16:51:30'),
(119,'HERRERA OLALLA EDWIN','eepherrera@gmail.com','M',1,'2018-04-09 16:51:30'),
(120,'HERRERA VALLEJOS MARIA LORENA','mlhv@ouloock.ec','F',1,'2018-04-09 16:51:30'),
(121,'HERRERA ZAPATA ANDRES PATRICIO','andresherrerazapata@gmail.com','M',1,'2018-04-09 16:51:30'),
(122,'HERRERA ZAPATA ISMAEL ALEJANDRO','lionherris@gmail.com','M',0,'2018-04-09 16:51:30'),
(123,'HIDALGO CISNEROS DIMITRI','dimihidalgo8@gmail.com','M',1,'2018-04-09 16:51:30'),
(124,'HIDALGO TOROMORENO ALEXIS STEPHANÍA','ashidalgo@udlanet.ec','F',1,'2018-04-09 16:51:30'),
(125,'HINOJOSA YANOUCH MICHAELA','ecomica@hotmail.com','F',1,'2018-04-09 16:51:30'),
(126,'INLAGO ALMEIDA DEYSI LUCIA','deysiinlago@gmail.com','F',1,'2018-04-09 16:51:30'),
(127,'JARA CHAVEZ HOLGUER MARIANO','holguer.jara@gmail.com','M',1,'2018-04-09 16:51:30'),
(128,'JARAMILLO SOSORANGA JENNY GRICELDA','jennyjaramillos84@gmail.com','F',1,'2018-04-09 16:51:30'),
(129,'','josexavier.jarrin@gmail.com','M',1,'2018-04-09 16:51:30'),
(130,'LARA GUIJARRO ELVA GIOCONDA','elglarag@gmail.com','F',1,'2018-04-09 16:51:30'),
(131,'LARCO SALGUERO SILVIA ELIZABETH','silviliz19@gmail.com','F',1,'2018-04-09 16:51:30'),
(132,'LARCO VILLALVA FRANCISCO','franciscolarcov@hotmail.com','M',1,'2018-04-09 16:51:30'),
(133,'LASTRA JANNETH INES','janlastra@gmail.com','F',0,'2018-04-09 16:51:30'),
(134,'LEIVA NARANJO MIURIEL','k.leiva2006@gmail.com','F',1,'2018-04-09 16:51:30'),
(135,'LEIVA SANTILLAN MARCELO ERNESTO','mels7712@gmail.com','M',1,'2018-04-09 16:51:30'),
(136,'LEMA SOQUE BEATRIZ JEANETH','violeta_nic@hotmail.com','F',1,'2018-04-09 16:51:30'),
(137,'LINCANGO CONDOR MARCO ANTONIO','mlincango@hotmail.com','M',0,'2018-04-09 16:51:30'),
(138,'LLAGUNO RIBADENEIRA ANA GRIMANESA','ana_llagunor@yahoo.com','F',1,'2018-04-09 16:51:30'),
(139,'LÓPEZ JUNCAY JOHANNA','johis.alexa2@gmail.com','F',0,'2018-04-09 16:51:30'),
(140,'LOZA IBARRA AMPARO GABRIELA','lozagabriela@yahoo.es','F',1,'2018-04-09 16:51:30'),
(141,'LUCIO REINOSO DAYSI KARINA','kari_1252011@hotmail.com','F',1,'2018-04-09 16:51:30'),
(142,'LUDEÑA VILLACIS LUIS HUMBERTO','luisludena1985@gmail.com','M',0,'2018-04-09 16:51:30'),
(143,'LUGO PROAÑO MABEL DEL PILAR','maby_6724@hotmail.com','F',1,'2018-04-09 16:51:30'),
(144,'','jmachado@girocreativo.ec','M',1,'2018-04-09 16:51:30'),
(145,'MALDONADO CEVALLOS KEVIN ALEJANDRO','a.maldonadocevallos@gmail.com','M',1,'2018-04-09 16:51:30'),
(146,'MALDONADO CORDOVA JESSY','jessymaldonado1971@gmail.com','F',1,'2018-04-09 16:51:30'),
(147,'MALDONADO CORDOVA LIGIA GABRIELA','talentoconsultores5@gmail.com','F',1,'2018-04-09 16:51:30'),
(148,'MALDONADO CORDOVA WILLIAMS VICENTE','vicenticomaldonado@gmail.com','M',1,'2018-04-09 16:51:30'),
(149,'MALDONADO MALDONADO NIEVES BEATRIZ','beginner28@hotmail.com','F',1,'2018-04-09 16:51:30'),
(150,'MANOBANDA JIMENEZ GRACE ELIZABETH','greycy85@hotmail.com','F',0,'2018-04-09 16:51:30'),
(151,'MANZANO RIVERA ESTEBAN','estebanxm@mac.com','M',1,'2018-04-09 16:51:30'),
(152,'MARTINEZ GUANANGA RODRIGO ANDRES','rodriandres2828@outlook.com','M',1,'2018-04-09 16:51:30'),
(153,'MASABANDA PAUCAR NATALIA ELENA','enmp27@hotmail.com','F',1,'2018-04-09 16:51:30'),
(154,'MAYA ROMERO JOHNATHAN ALEXANDER','jmayaromero@yahoo.es','M',1,'2018-04-09 16:51:30'),
(155,'MAYA SANTACRUZ MARCELO ERNESTO','m.mayasantacruz@gmail.com','M',0,'2018-04-09 16:51:30'),
(156,'MEJIA GOMEZ FELIPE','felipe.mejia.gz@gmail.com','M',1,'2018-04-09 16:51:30'),
(157,'MENA GALÁRRAGA FRANCISCO JAVIER','mena.francisco1980@gmail.com','M',1,'2018-04-09 16:51:30'),
(158,'MENA MALDONADO ANDRÉS EDUARDO','andresedmenmal@gmail.com','M',1,'2018-04-09 16:51:30'),
(159,'','mayumi_21feb@hotmail.com','F',1,'2018-04-09 16:51:30'),
(160,'MENDÍA LUZURIAGA MARÍA DEL CARMEN','marycmendia@hotmail.com','F',1,'2018-04-09 16:51:30'),
(161,'MENDOZA PULLOPAXI JAZMÍN ELIZABETH','psi.jazminmendoza@gmail.com','F',1,'2018-04-09 16:51:30'),
(162,'MINGA AYABACA JEANNINA MARIBEL','jeanninamari@hotmail.com','F',1,'2018-04-09 16:51:30'),
(163,'MIRANDA PUENTE BEATRIZ DEL CARMEN','bety13maria@hotmail.com','F',1,'2018-04-09 16:51:30'),
(164,'MOGROVEJO FREIRE DAVID ALFONSO','abmogrovejofreire@hotmail.com','M',1,'2018-04-09 16:51:30'),
(165,'MOLINA GUEVARA HERNAN PATRICIO','hpmolina12@hotmail.com','M',1,'2018-04-09 16:51:30'),
(166,'','marimolinallerena@gmail.com','F',0,'2018-04-09 16:51:30'),
(167,'MONROY ESPINOZA FRANCISCO JAVIER','fjmonroye1976@gmail.com','M',0,'2018-04-09 16:51:30'),
(168,'MONTENEGRO ARELLANO ALEJANDRA ELIZABETH','ale.el.magu@hotmail.com','F',1,'2018-04-09 16:51:30'),
(169,'MONTENEGRO CARREÑO AMPARITO DE LOURDES','ampary_ron@hotmail.com','F',1,'2018-04-09 16:51:30'),
(170,'MONTENEGRO VALLEJO MARÍA','maria.montenegro@hotmail.com','F',1,'2018-04-09 16:51:30'),
(171,'MORALES BUITRON WENDY KAROLA','karolmorales9@outlook.com','F',1,'2018-04-09 16:51:30'),
(172,'MORENO ROSERO MARÍA AUGUSTA','maria.moreno@iti.edu.ec','F',1,'2018-04-09 16:51:30'),
(173,'MORETA HERNANDEZ RICARDO','ricardo.moreta@hotmail.com','M',1,'2018-04-09 16:51:30'),
(174,'MOROCHO CORONEL IVONNE MARÍA','ivonne_morochz@hotmail.com','F',1,'2018-04-09 16:51:30'),
(175,'MOYA JIMÉNEZ EDISON PATRICIO','edisonmoya83@hotmail.com','M',0,'2018-04-09 16:51:30'),
(176,'MULLO CARDENAS VERONICA ALEXANDRA','verofer2@yahoo.com','F',1,'2018-04-09 16:51:30'),
(177,'','xavi17280@gmail.com','M',1,'2018-04-09 16:51:30'),
(178,'MUÑOZ SIMBAÑA LUIS SANTIAGO','santymuno196602@hotmail.com','M',1,'2018-04-09 16:51:30'),
(179,'','cristiand.munozt@gmail.com','M',1,'2018-04-09 16:51:30'),
(180,'NAULA YAUTIBUG KLEBER EDISON','knaula@gmail.com','M',1,'2018-04-09 16:51:30'),
(181,'','monica.novoa.macias@gmail.com','F',1,'2018-04-09 16:51:30'),
(182,'OJEDA PAREDES ARIANA','arianaojeda1007@gmail.com','F',1,'2018-04-09 16:51:30'),
(183,'OJEDA PAREDES IVANNA INDIRA','ivanitaop_1992@hotmail.com','F',1,'2018-04-09 16:51:30'),
(184,'OLMEDO GORDON RENAN KABIR','rkolmedo@hotmail.com','M',1,'2018-04-09 16:51:30'),
(185,'ORDÓÑEZ MORILLO CARLOS PABLO','carlos.or33@yahoo.com','M',1,'2018-04-09 16:51:30'),
(186,'OREJUELA HUILCAPI JORGE GONZALO','chalosk8_88@hotmail.com','M',0,'2018-04-09 16:51:30'),
(187,'ORTEGA MORALES EFRAIN ANDRES','andres-lb9@hotmail.com','M',1,'2018-04-09 16:51:30'),
(188,'','fernandaortega.uio@gmail.com','F',0,'2018-04-09 16:51:30'),
(189,'ORTEGA MORILLO NORELIA BEATRIZ','noreliaortega@gmail.com','F',1,'2018-04-09 16:51:30'),
(190,'','anylu97@hotmail.com','F',1,'2018-04-09 16:51:30'),
(191,'ORTEGA VÁSCONEZ DANIELA PILAR','orte_danny47@yahoo.com','F',1,'2018-04-09 16:51:30'),
(192,'','roberto.pachacama@ambiente.gob.ec','M',1,'2018-04-09 16:51:30'),
(193,'','wesker.93@hotmail.com','M',0,'2018-04-09 16:51:30'),
(194,'','dpaez1993@gmail.com','M',1,'2018-04-09 16:51:30'),
(195,'PAREDES BERMEO EDWIN EDUARDO','winchopb@hotmail.com','M',1,'2018-04-09 16:51:30'),
(196,'PAREDES BERMEO ROSA OLIVIA','r_paredes_b@hotmail.com','F',1,'2018-04-09 16:51:30'),
(197,'PAREDES LUZURIAGA ERIKA DAYANA','eparedes_epe@hotmail.com','F',1,'2018-04-09 16:51:30'),
(198,'PAREDES PANATA EMILIO RENE','eparedes64@hotmail.com','M',1,'2018-04-09 16:51:30'),
(199,'PARRAGA VILLAMAR VIVIANA CRISTINA','vi-cris@hotmail.com','F',1,'2018-04-09 16:51:30'),
(200,'PATIÑO SOLANO DARIO ALEJANDRO','lejodary@gmail.com','M',1,'2018-04-09 16:51:30'),
(201,'PAZOS CARRILLO SANTIAGO','santiagopazoscarrillo@yahoo.com','M',1,'2018-04-09 16:51:30'),
(202,'PAZ Y MIÑO SOLA JAIME ENRIQUE','jamespaz727@gmail.com','M',1,'2018-04-09 16:51:30'),
(203,'','tvivis8@yahoo.es','F',1,'2018-04-09 16:51:30'),
(204,'','leydyponce@hotmail.com','F',1,'2018-04-09 16:51:30'),
(205,'PRADO CASTILLO IVÁN','ivanpc04@yahoo.es','M',1,'2018-04-09 16:51:30'),
(206,'PUMACURO QUILLUPANGUI CRISTIAN ORLANDO','cristian_espe@hotmail.com','M',0,'2018-04-09 16:51:30'),
(207,'QUIÑALIZA MINDA CARMEN DEL ROCIO','cristiangborjae@gmail.com','F',1,'2018-04-09 16:51:30'),
(208,'QUINTANA LOMBEIDA MARIA DOLORES','lolitaquintana1812@hotmail.com','F',0,'2018-04-09 16:51:30'),
(209,'RAMÍREZ LEIVA LADYS ANABEL','larl_887@hotmail.com','F',1,'2018-04-09 16:51:30'),
(210,'RAMIREZ PATAJALO GUSTAVO ANDRÉS','garmirez.espe@gmail.com','M',0,'2018-04-09 16:51:30'),
(211,'RAMON ALVARADO LENIN RAMIRO','lenin_ramon@outlook.com','M',0,'2018-04-09 16:51:30'),
(212,'RAZO CAJAS EDGAR FERNANDO','ferchocar83@gmail.com','M',1,'2018-04-09 16:51:30'),
(213,'REINOSO MENA HECTOR HERNAN','hector.reinoso@hotmail.com','M',1,'2018-04-09 16:51:30'),
(214,'REVELO VIERA ROXANA BELÉN','roxana_brv@hotmail.com','F',1,'2018-04-09 16:51:30'),
(215,'REYES BORJA KATHERINE ELIZABETH','kath.reyes2495@gmail.com','F',1,'2018-04-09 16:51:30'),
(216,'','elizabeth_ribadeneira@hotmail.com','F',1,'2018-04-09 16:51:30'),
(217,'RIVAS FIALLOS DANIELA KARINA','drivasfiallos@gmail.com','F',1,'2018-04-09 16:51:30'),
(218,'RODRÍGUEZ ARTIEDA DANIEL ALEJANDRO','darodriguez2289@gmail.com','M',1,'2018-04-09 16:51:30'),
(219,'','danielo_66@hotmail.com','M',1,'2018-04-09 16:51:30'),
(220,'RODRIGUEZ GODOY PAOLA XIMENA','rodriguezpaolax@gmail.com','F',1,'2018-04-09 16:51:30'),
(221,'ROJAS GUERRA SARA ELIZABETH','sariu_8@hotmail.com','F',1,'2018-04-09 16:51:30'),
(222,'ROMAN ALBUJA MARIO ERNESTO','marioromanal@yahoo.com','M',1,'2018-04-09 16:51:30'),
(223,'RUIZ MEDINA MARITZA DOLORES','maritza.ruiz@hotmail.com','F',1,'2018-04-09 16:51:30'),
(224,'RUIZ QUIROZ ALEJANDRO DAVID','adrq_77777@hotmail.com','M',1,'2018-04-09 16:51:30'),
(225,'RUIZ TACURI RUTH ELIZABETH','eliza40ruiz@gmail.com','F',1,'2018-04-09 16:51:30'),
(226,'RUMIPAMBA VILLALOBOS JONATHAN ALEXANDER','jhon_unico@live.com','M',1,'2018-04-09 16:51:30'),
(227,'SALAZAR LEON ADRIANA AIDEE','capacitacionescaintur@gmail.com','F',0,'2018-04-09 16:51:30'),
(228,'','jorgesalgado055@gmail.com','M',1,'2018-04-09 16:51:30'),
(229,'SANDOVAL ORTIZ FLORENCIA  NOEMY','noemysandoval@hotmail.com','F',1,'2018-04-09 16:51:30'),
(230,'SANGUANO MONTAGUANO VICENTE RODRIGO','vicente.sanguano@gmail.com','M',0,'2018-04-09 16:51:30'),
(231,'SANTOS SANTOS LEONARDO ALBERTO','lalbsantos@gmail.com','M',1,'2018-04-09 16:51:30'),
(232,'SATAMA RIVILLA LETY MAVELIZA','letysatama@gmail.com','F',1,'2018-04-09 16:51:30'),
(233,'SIGUENZA PARDO JUAN LUIS','jlsipardo@hotmail.com','M',1,'2018-04-09 16:51:30'),
(234,'SILVA SALAZAR AMILCAR OMAR','osilva_33@hotmail.com','M',0,'2018-04-09 16:51:30'),
(235,'SIMBAÑA AMOGUIMBA MARCO ANTONIO','m171384@hotmail.com','M',1,'2018-04-09 16:51:30'),
(236,'SINCHE MAITA ROLANDO JAMIL','rolando.sinche@iti.edu.ec','M',1,'2018-04-09 16:51:30'),
(237,'SOLÓRZANO POLO PABLO  HERNÁN','psolorzano68@hotmail.com','M',0,'2018-04-09 16:51:30'),
(238,'SOTO AGUIRRE RONALD LEONARDO','rlsoto@uce.edu.ec','M',1,'2018-04-09 16:51:30'),
(239,'SUÁREZ OBANDO BETTY FABIOLA','licbettysuarez61@yahoo.es','F',1,'2018-04-09 16:51:30'),
(240,'TAMAYO CUEVA FERNANDA SOLEDAD','fersol_@hotmail.com','F',1,'2018-04-09 16:51:30'),
(241,'TAPIA MONTALVO JANETH XIMENA','jxtmyhl@hotmail.com','F',0,'2018-04-09 16:51:30'),
(242,'TEJADA TENORIO KARLA SOFIA','karla92.tenorio@gmail.com','F',1,'2018-04-09 16:51:30'),
(243,'','wladimir.tierra@outlook.com','M',1,'2018-04-09 16:51:30'),
(244,'TIXI PAUCAR LOURDES EULALIA','lourdestixi@hotmail.com','F',1,'2018-04-09 16:51:30'),
(245,'TOAPANTA YAURI DIEGO MARTIN','di.di.26@hotmail.com','M',1,'2018-04-09 16:51:30'),
(246,'TORRES VARGAS VALERIA DEL ROSARIO','valeria.torres@iti.edu.ec','F',1,'2018-04-09 16:51:30'),
(247,'TRUJILLO MALDONADO MÓNICA EULALIA','rapal.ec@gmail.com','F',1,'2018-04-09 16:51:30'),
(248,'TRUJILLO QUINCHUELA FREDDY','fredytrujillo@gmail.com','M',1,'2018-04-09 16:51:30'),
(249,'TULCAN PASTAS MAYRA FERNANDA','mayfer_tulcan@yahoo.es','F',1,'2018-04-09 16:51:30'),
(250,'TUPIZ GUERRERO FERNANDO VICENTE','fertupiz@yahoo.es','M',1,'2018-04-09 16:51:30'),
(251,'UNDA DUQUE PATRICIA SOLEDAD','patriciaunda00@hotmail.com','F',0,'2018-04-09 16:51:30'),
(252,'URDANETA VELOZ LIZBETH','lizbethurdaneta@hotmail.com','F',1,'2018-04-09 16:51:30'),
(253,'URGILÉS VERDUGO CARLOS ARMANDO','car.urgiles@gmail.com','M',1,'2018-04-09 16:51:30'),
(254,'URRESTA BENAVIDES CARLA RENATA','carlarub3200@hotmail.com','F',1,'2018-04-09 16:51:30'),
(255,'VACA DIAZ SILVANA','sivaddy21@hotmail.com','F',1,'2018-04-09 16:51:30'),
(256,'VALENCIA TRUJILLO GUSTAVO','gvalencia88@hotmail.com','M',1,'2018-04-09 16:51:30'),
(257,'VALENCIA VALENCIA FERNANDO XAVIER','xavojp7@hotmail.com','M',1,'2018-04-09 16:51:30'),
(258,'','faviomultimedia@gmail.com','M',1,'2018-04-09 16:51:30'),
(259,'VÁSQUEZ ALBÁN CRISTIAN DAVID','crisvas77@hotmail.com','M',1,'2018-04-09 16:51:30'),
(260,'VASQUEZ GORDILLO JUAN CARLOS','jgordillo1992@hotmail.com','M',0,'2018-04-09 16:51:30'),
(261,'VEGA ORTIZ WILSON GERARDO','wvega_ortiz@yahoo.com','M',0,'2018-04-09 16:51:30'),
(262,'VELASCO VEGA DANIEL ALEJANDRO','davelasco@udlanet.ec','M',1,'2018-04-09 16:51:30'),
(263,'VELASQUE COLLAGUAZO BYRON','fabyl0502@hotmail.com','M',0,'2018-04-09 16:51:30'),
(264,'VERA MALLA SOFIA','softh_04@hotmail.com','F',1,'2018-04-09 16:51:30'),
(265,'','milverchef85@gmail.com','F',1,'2018-04-09 16:51:30'),
(266,'VILLACÍS MEJÍA MARÍA CRISTINA','cris1992villa@gmail.com','F',1,'2018-04-09 16:51:30'),
(267,'VILLAGOMEZ VALDEZ JUAN GABRIEL','gabrielv45@hotmail.com','M',1,'2018-04-09 16:51:30'),
(268,'VINUEZA AGUIRRE PATRICIA','patriciavinueza23@yahoo.com','F',1,'2018-04-09 16:51:30'),
(269,'','cheloyg@gmail.com','M',1,'2018-04-09 16:51:30');

